<?xml version="1.0" encoding="UTF-8"?>
<project-private xmlns="http://www.netbeans.org/ns/project-private/1">
    <editor-bookmarks xmlns="http://www.netbeans.org/ns/editor-bookmarks/2" lastBookmarkId="0"/>
    <open-files xmlns="http://www.netbeans.org/ns/projectui-open-files/2">
        <group>
            <file>file:/C:/Users/Joy/Documents/NetBeansProjects/Pratice/src/java/SignUp.java</file>
            <file>file:/C:/Users/Joy/Documents/NetBeansProjects/Pratice/src/java/updateTeacherServelet.java</file>
            <file>file:/C:/Users/Joy/Documents/NetBeansProjects/Pratice/web/signUp.html</file>
            <file>file:/C:/Users/Joy/Documents/NetBeansProjects/Pratice/web/index.html</file>
            <file>file:/C:/Users/Joy/Documents/NetBeansProjects/Pratice/src/java/markSubmitServelet.java</file>
            <file>file:/C:/Users/Joy/Documents/NetBeansProjects/Pratice/src/java/updateStudentServelet.java</file>
            <file>file:/C:/Users/Joy/Documents/NetBeansProjects/Pratice/src/java/StudentPageServelet.java</file>
        </group>
    </open-files>
</project-private>
